player_name,Total_Matches,Total_Bt_Runs,Total_Bt_Balls,Total_Bw_Runs,Total_Bw_Balls,Total_4s,Total_6s,Total_Wkts,Batting_Points,Bowling_Points,Total_Fantasy_Points,FPS_per_Match,Match_Factor,Adjusted_FPS,Strike_Rate,SR_Bonus_Points,Economy_Rate,Econ_Bonus_Points,Enhanced_FPS,Predicted_Fantasy_Score
V Kohli,44,2037,1436,0,0,193,73,0,2376,0,2376,54.0,1.0,54.0,141.85236768802227,2,,0,56.0,54.75123984007262
Shubman Gill,44,1966,1312,0,0,184,72,0,2294,0,2294,52.13636363636363,1.0,52.13636363636363,149.84756097560975,2,,0,54.13636363636363,54.148086395101174
B Sai Sudharsan,35,1648,1161,0,0,169,50,0,1917,0,1917,54.77142857142857,1.0,54.77142857142857,141.94659776055124,2,,0,56.77142857142857,53.43696385799535
Ybk Jaiswal,43,1619,1044,0,0,197,70,0,1956,0,1956,45.48837209302326,1.0,45.48837209302326,155.07662835249045,4,,0,49.48837209302326,50.97035261281295
Sa Yadav,43,1667,988,0,0,170,84,0,2005,0,2005,46.627906976744185,1.0,46.627906976744185,168.7246963562753,4,,0,50.627906976744185,50.35141809250162
Mr Marsh,26,816,539,256,186,76,47,13,986,325,1311,50.42307692307692,1.0,50.42307692307692,151.39146567717995,4,8.258064516129032,0,54.42307692307692,48.245422785609094
Sp Narine,40,755,480,1083,905,77,53,40,938,1000,1938,48.45,1.0,48.45,157.29166666666669,4,7.180110497237568,0,52.45,47.674296411167724
Kl Rahul,36,1340,1014,0,0,126,44,0,1554,0,1554,43.16666666666666,1.0,43.16666666666666,132.14990138067063,2,,0,45.16666666666666,45.309168129123805
F Du Plessis,38,1370,929,0,0,125,65,0,1625,0,1625,42.76315789473684,1.0,42.76315789473684,147.47039827771798,2,,0,44.76315789473684,44.58988938051088
Rd Gaikwad,34,1295,918,0,0,118,52,0,1517,0,1517,44.61764705882353,1.0,44.61764705882353,141.06753812636163,2,,0,46.61764705882353,44.3765919335563
H Klaasen,39,1414,849,0,0,93,88,0,1683,0,1683,43.15384615384615,1.0,43.15384615384615,166.54888103651356,4,,0,47.15384615384615,44.14320072480344
Ra Jadeja,44,758,558,1105,865,58,27,38,870,950,1820,41.36363636363637,1.0,41.36363636363637,135.84229390681003,2,7.664739884393064,0,43.36363636363637,43.3474751706556
N Pooran,43,1381,803,0,0,106,102,0,1691,0,1691,39.325581395348834,1.0,39.325581395348834,171.98007471980074,6,,0,45.325581395348834,43.225991032551235
Ar Patel,41,781,570,974,772,63,40,27,924,675,1599,39.0,1.0,39.0,137.01754385964912,2,7.569948186528498,0,41.0,42.911983462156165
Jc Buttler,38,1289,901,0,0,130,50,0,1519,0,1519,39.97368421052632,1.0,39.97368421052632,143.06326304106548,2,,0,41.97368421052632,42.503067996460025
Sm Curran,32,660,531,1016,627,55,23,27,761,675,1436,44.875,1.0,44.875,124.29378531073448,0,9.722488038277511,0,44.875,42.42896420678083
Abhishek Sharma,41,1149,656,283,184,110,76,4,1411,100,1511,36.85365853658536,1.0,36.85365853658536,175.15243902439025,6,9.228260869565217,0,42.85365853658536,42.16818646991412
C Green,29,707,472,634,462,62,32,17,833,425,1258,43.37931034482759,1.0,43.37931034482759,149.78813559322032,2,8.233766233766234,0,45.37931034482759,41.802816176716384
Pd Salt,34,1056,623,0,0,122,56,0,1290,0,1290,37.94117647058823,1.0,37.94117647058823,169.5024077046549,4,,0,41.94117647058823,40.87948961244963
Hh Pandya,44,786,556,922,611,61,39,28,925,700,1625,36.93181818181818,1.0,36.93181818181818,141.36690647482015,2,9.054009819967268,0,38.93181818181818,40.7436610254595
P Simran Singh,46,1291,837,0,0,135,69,0,1564,0,1564,34.0,1.0,34.0,154.24133811230584,4,,0,38.0,40.67678649793183
Ss Iyer,31,955,610,0,0,77,53,0,1138,0,1138,36.70967741935484,1.0,36.70967741935484,156.55737704918033,4,,0,40.70967741935484,39.678282972734806
Tm Head,27,941,555,32,10,114,47,0,1149,0,1149,42.55555555555556,1.0,42.55555555555556,169.54954954954954,4,19.2,-6,40.55555555555556,39.57021501942991
Ad Russell,39,616,414,659,401,49,48,34,761,850,1611,41.30769230769231,1.0,41.30769230769231,148.79227053140096,2,9.860349127182046,0,43.30769230769231,39.25575116925805
Priyansh Arya,18,545,310,0,0,60,31,0,667,0,667,37.05555555555556,1.0,37.05555555555556,175.80645161290323,6,,0,43.05555555555556,39.19603169447264
Wg Jacks,20,463,306,209,145,38,29,8,559,200,759,37.95,1.0,37.95,151.30718954248366,4,8.648275862068965,0,41.95,37.884545485838714
Mp Stoinis,41,956,644,384,247,75,58,10,1147,250,1397,34.073170731707314,1.0,34.073170731707314,148.4472049689441,2,9.327935222672066,0,36.073170731707314,37.763712423005494
Jm Bairstow,13,383,246,0,0,40,19,0,461,0,461,35.46153846153846,1.0,35.46153846153846,155.6910569105691,4,,0,39.46153846153846,37.45876312141017
J Fraser-Mcgurk,15,385,203,0,0,39,30,0,484,0,484,32.266666666666666,1.0,32.266666666666666,189.6551724137931,6,,0,38.266666666666666,37.034494854274165
Jj Bumrah,25,12,13,626,617,1,0,38,13,950,963,38.52,1.0,38.52,92.3076923076923,0,6.087520259319287,2,40.52,37.0092866753995
D Brevis,9,294,189,0,0,16,22,0,354,0,354,39.333333333333336,0.9,35.400000000000006,155.55555555555557,4,,0,39.400000000000006,36.511251237868755
Pj Cummins,30,233,157,992,687,15,15,34,278,850,1128,37.6,1.0,37.6,148.4076433121019,2,8.663755458515285,0,39.6,36.237322722268004
Tilak Varma,37,1102,776,14,11,84,58,0,1302,0,1302,35.189189189189186,1.0,35.189189189189186,142.01030927835052,2,7.636363636363637,0,37.18918918918919,36.20057144204992
Rashid Khan,44,272,173,1422,1005,21,19,46,331,1150,1481,33.65909090909091,1.0,33.65909090909091,157.22543352601156,4,8.48955223880597,0,37.65909090909091,36.126766584766195
R Parag,35,1048,722,187,147,72,65,3,1250,75,1325,37.85714285714285,1.0,37.85714285714285,145.1523545706371,2,7.63265306122449,0,39.85714285714285,36.04445571925928
S Dhawan,16,525,400,0,0,67,16,0,624,0,624,39.0,1.0,39.0,131.25,2,,0,41.0,36.02380534258061
Da Warner,22,684,536,0,0,86,20,0,810,0,810,36.81818181818182,1.0,36.81818181818182,127.61194029850746,0,,0,36.81818181818182,35.62455082763221
Sv Samson,38,1178,812,0,0,100,61,0,1400,0,1400,36.8421052631579,1.0,36.8421052631579,145.07389162561577,2,,0,38.8421052631579,35.49595468786594
Dp Conway,21,828,618,0,0,94,22,0,966,0,966,46.0,1.0,46.0,133.98058252427185,2,,0,48.0,35.40660381113189
Rg Sharma,45,1167,843,0,0,121,62,0,1412,0,1412,31.377777777777776,1.0,31.377777777777776,138.43416370106763,2,,0,33.37777777777778,35.16198892958011
Ak Markram,37,913,693,184,130,74,34,5,1055,125,1180,31.89189189189189,1.0,31.89189189189189,131.74603174603175,2,8.492307692307692,0,33.89189189189189,34.65047525079701
Am Rahane,35,958,668,0,0,84,43,0,1128,0,1128,32.22857142857143,1.0,32.22857142857143,143.4131736526946,2,,0,34.22857142857143,34.590783347360414
Rr Pant,26,715,504,0,0,59,41,0,856,0,856,32.92307692307692,1.0,32.92307692307692,141.86507936507937,2,,0,34.92307692307692,34.536981080175785
Rr Rossouw,17,420,270,0,0,42,22,0,506,0,506,29.764705882352946,1.0,29.764705882352946,155.55555555555557,4,,0,33.76470588235294,34.22935365342726
Jp Inglis,11,278,177,0,0,26,16,0,336,0,336,30.545454545454547,1.0,30.545454545454547,157.06214689265536,4,,0,34.54545454545455,34.179997119256925
Naveen-Ul-Haq,17,18,26,571,407,2,0,25,20,625,645,37.94117647058823,1.0,37.94117647058823,69.23076923076923,-2,8.417690417690418,0,35.94117647058823,34.093136984769494
M Markande,17,21,14,546,372,2,1,20,25,500,525,30.88235294117647,1.0,30.88235294117647,150.0,4,8.806451612903226,0,34.88235294117647,34.08128838670636
N Rana,27,672,479,92,66,71,30,3,803,75,878,32.51851851851852,1.0,32.51851851851852,140.29227557411275,2,8.363636363636363,0,34.51851851851852,33.85770663650778
N Wadhera,31,719,522,22,17,60,39,0,857,0,857,27.64516129032258,1.0,27.64516129032258,137.73946360153258,2,7.764705882352941,0,29.64516129032258,33.825372314805605
Kv Sharma,21,35,22,596,372,2,3,24,43,600,643,30.61904761904762,1.0,30.61904761904762,159.0909090909091,4,9.612903225806452,0,34.61904761904762,33.4129476716565
Gj Maxwell,31,500,325,321,244,40,34,13,608,325,933,30.096774193548388,1.0,30.096774193548388,153.84615384615387,4,7.89344262295082,0,34.096774193548384,33.41031952922254
M Prasidh Krishna,15,0,0,477,364,0,0,25,0,625,625,41.66666666666666,1.0,41.66666666666666,0.0,-6,7.862637362637363,0,35.666666666666664,33.39743865394396
Naman Dhir,19,392,226,75,53,37,23,0,475,0,475,25.0,1.0,25.0,173.4513274336283,6,8.490566037735848,0,31.0,33.29996694387176
Rm Patidar,27,707,462,0,0,46,47,0,847,0,847,31.37037037037037,1.0,31.37037037037037,153.03030303030303,4,,0,35.37037037037037,33.177254680123355
Lh Ferguson,14,5,2,433,273,1,0,16,6,400,406,29.0,1.0,29.0,250.0,6,9.516483516483516,0,35.0,33.14353413916068
R Sai Kishore,20,18,16,520,355,0,2,26,22,650,672,33.6,1.0,33.6,112.5,0,8.788732394366198,0,33.6,33.106374455322026
Jr Hazlewood,15,1,3,453,327,0,0,25,1,625,626,41.73333333333333,1.0,41.73333333333333,33.33333333333333,-6,8.311926605504587,0,35.733333333333334,32.95331422514958
Se Rutherford,11,291,203,0,0,22,18,0,349,0,349,31.727272727272727,1.0,31.727272727272727,143.34975369458127,2,,0,33.72727272727273,32.83111248470554
Avesh Khan,37,31,20,1262,816,4,1,41,37,1025,1062,28.7027027027027,1.0,28.7027027027027,155.0,4,9.279411764705882,0,32.7027027027027,32.663566857155836
Ls Livingstone,25,502,347,251,171,32,35,7,604,175,779,31.16,1.0,31.16,144.6685878962536,2,8.807017543859649,0,33.16,32.56205041255115
R Ravindra,18,413,298,7,12,40,16,0,485,0,485,26.944444444444443,1.0,26.944444444444443,138.59060402684565,2,3.5,6,34.94444444444444,32.39383908358877
Rd Rickelton,14,388,266,0,0,47,17,0,469,0,469,33.5,1.0,33.5,145.86466165413535,2,,0,35.5,32.38674416458256
Ishan Kishan,42,1128,793,4,1,122,49,0,1348,0,1348,32.095238095238095,1.0,32.095238095238095,142.24464060529633,2,24.0,-6,28.09523809523809,32.23369126588446
Mohammed Shami,26,15,19,829,590,2,0,34,17,850,867,33.34615384615385,1.0,33.34615384615385,78.94736842105263,0,8.430508474576271,0,33.34615384615385,32.11914990322396
S Dube,42,1171,825,42,19,62,84,1,1401,25,1426,33.95238095238095,1.0,33.95238095238095,141.93939393939394,2,13.263157894736842,-6,29.95238095238095,31.944674064838285
A Raghuvanshi,18,463,326,0,0,46,16,0,541,0,541,30.05555555555556,1.0,30.05555555555556,142.0245398773006,2,,0,32.05555555555556,31.768780263129067
Pp Chawla,27,40,37,793,586,2,2,35,46,875,921,34.111111111111114,1.0,34.111111111111114,108.10810810810813,0,8.119453924914675,0,34.111111111111114,31.75831927189908
Shashank Singh,28,704,463,32,18,51,39,1,833,25,858,30.642857142857142,1.0,30.642857142857142,152.05183585313176,4,10.666666666666666,-2,32.64285714285714,31.7507846933268
V Nigam,14,142,82,345,244,16,8,12,174,300,474,33.857142857142854,1.0,33.857142857142854,173.17073170731706,6,8.48360655737705,0,39.85714285714285,31.71568580203272
Sn Thakur,29,152,105,869,555,18,5,27,180,675,855,29.48275862068965,1.0,29.48275862068965,144.76190476190476,2,9.394594594594595,0,31.48275862068965,31.58093301223488
Rk Singh,36,848,589,0,0,64,47,0,1006,0,1006,27.944444444444443,1.0,27.944444444444443,143.9728353140917,2,,0,29.944444444444443,31.458775491545403
M Jansen,25,132,125,780,546,8,5,27,150,675,825,33.0,1.0,33.0,105.6,0,8.571428571428571,0,33.0,31.39946520888896
Jj Roy,8,285,196,0,0,36,12,0,345,0,345,43.125,0.8,34.5,145.40816326530611,2,,0,36.5,31.35927806803668
Ashutosh Sharma,18,393,256,0,0,24,28,0,473,0,473,26.27777777777778,1.0,26.27777777777778,153.515625,4,,0,30.27777777777778,31.244004218112945
Kh Pandya,44,430,373,922,741,32,15,32,492,800,1292,29.363636363636363,1.0,29.363636363636363,115.28150134048258,0,7.465587044534413,0,29.363636363636363,31.08083793842569
A Badoni,37,802,601,38,23,62,31,2,926,50,976,26.37837837837838,1.0,26.37837837837838,133.4442595673877,2,9.91304347826087,0,28.37837837837838,30.369385191399864
Akash Madhwal,17,8,14,562,376,0,0,24,8,600,608,35.76470588235294,1.0,35.76470588235294,57.14285714285714,-4,8.96808510638298,0,31.764705882352946,30.231195047668486
T Stubbs,29,709,438,68,37,51,38,4,836,100,936,32.27586206896552,1.0,32.27586206896552,161.87214611872147,4,11.027027027027026,-4,32.27586206896552,30.145558413950468
Jm Sharma,37,757,507,0,0,55,50,0,912,0,912,24.64864864864865,1.0,24.64864864864865,149.3096646942801,2,,0,26.64864864864865,30.081780149326477
Kr Mayers,13,379,276,55,46,38,22,0,461,0,461,35.46153846153846,1.0,35.46153846153846,137.31884057971016,2,7.173913043478261,0,37.46153846153846,29.949911868675596
Ma Starc,25,15,22,790,512,1,0,31,16,775,791,31.64,1.0,31.64,68.18181818181817,-2,9.2578125,0,29.64,29.59630398272105
Vr Iyer,34,916,633,28,6,82,44,0,1086,0,1086,31.94117647058824,1.0,31.94117647058824,144.70774091627172,2,28.0,-6,27.941176470588232,29.488232488915006
Mohammed Siraj,43,16,16,1307,1046,0,2,50,20,1250,1270,29.53488372093023,1.0,29.53488372093023,100.0,0,7.497131931166348,0,29.53488372093023,29.449297506920843
M Pathirana,30,0,0,870,739,0,0,45,0,1125,1125,37.5,1.0,37.5,0.0,-6,7.06359945872801,0,31.5,29.380701136237178
Arshdeep Singh,44,8,12,1451,1017,1,0,57,9,1425,1434,32.59090909090909,1.0,32.59090909090909,66.66666666666666,-2,8.56047197640118,0,30.590909090909093,29.32613303034448
Q De Kock,23,545,420,0,0,48,28,0,649,0,649,28.217391304347824,1.0,28.217391304347824,129.76190476190476,0,,0,28.217391304347824,29.13182668650028
Harshit Rana,30,57,55,949,648,5,3,39,68,975,1043,34.766666666666666,1.0,34.766666666666666,103.63636363636364,0,8.787037037037036,0,34.766666666666666,29.112221101670045
Cv Varun,41,2,12,1185,940,0,0,58,2,1450,1452,35.41463414634146,1.0,35.41463414634146,16.666666666666664,-6,7.563829787234043,0,29.414634146341463,28.846061667484857
V Shankar,22,502,369,0,0,42,20,0,584,0,584,26.545454545454547,1.0,26.545454545454547,136.0433604336043,2,,0,28.545454545454547,28.62831341294483
Abishek Porel,29,661,454,0,0,65,27,0,780,0,780,26.89655172413793,1.0,26.89655172413793,145.59471365638768,2,,0,28.89655172413793,28.458539400786066
Kuldeep Yadav,39,96,110,1102,891,10,1,41,108,1025,1133,29.05128205128205,1.0,29.05128205128205,87.27272727272727,0,7.420875420875421,0,29.05128205128205,28.422007444803477
G Coetzee,14,31,33,445,292,2,2,15,37,375,412,29.428571428571427,1.0,29.428571428571427,93.93939393939394,0,9.143835616438356,0,29.428571428571427,28.265844926301245
Pwh De Silva,19,42,45,622,426,3,0,20,45,500,545,28.68421052631579,1.0,28.68421052631579,93.33333333333331,0,8.76056338028169,0,28.68421052631579,28.254152613980974
M Shahrukh Khan,30,462,281,28,18,33,31,1,557,25,582,19.4,1.0,19.4,164.41281138790035,4,9.333333333333334,0,23.4,28.248025284726438
Ma Agarwal,18,429,343,0,0,47,9,0,494,0,494,27.444444444444443,1.0,27.444444444444443,125.0728862973761,0,,0,27.444444444444443,28.180794972202293
Dj Mitchell,13,318,228,68,38,27,10,1,365,25,390,30.0,1.0,30.0,139.4736842105263,2,10.736842105263158,-2,30.0,28.168943291503048
Noor Ahmad,37,20,35,1023,827,2,0,48,22,1200,1222,33.027027027027025,1.0,33.027027027027025,57.14285714285714,-4,7.422007255139056,0,29.027027027027025,28.13642339442651
R Ashwin,36,186,161,1071,844,13,8,31,215,775,990,27.5,1.0,27.5,115.527950310559,0,7.613744075829384,0,27.5,28.08463622759265
Vijaykumar Vyshak,16,14,13,549,356,0,1,17,16,425,441,27.5625,1.0,27.5625,107.6923076923077,0,9.252808988764045,0,27.5625,28.00969789126712
Dl Chahar,32,38,27,837,624,3,2,29,45,725,770,24.0625,1.0,24.0625,140.74074074074073,2,8.048076923076923,0,26.0625,27.982453099638807
Hv Patel,40,40,52,1285,905,1,2,54,45,1350,1395,34.875,1.0,34.875,76.92307692307693,0,8.519337016574585,0,34.875,27.90176145531022
Ta Boult,41,32,37,1227,925,3,1,51,37,1275,1312,32.0,1.0,32.0,86.48648648648648,0,7.958918918918919,0,32.0,27.880957548418586
Mustafizur Rahman,14,1,2,465,333,0,0,19,1,475,476,34.0,1.0,34.0,50.0,-4,8.378378378378379,0,30.0,27.78899507326876
Nithish Kumar Reddy,25,485,382,241,152,31,25,5,566,125,691,27.64,1.0,27.64,126.96335078534032,0,9.513157894736842,0,27.64,27.71330447734353
Pp Shaw,16,304,215,0,0,46,6,0,362,0,362,22.625,1.0,22.625,141.3953488372093,2,,0,24.625,27.588660888312862
Mm Ali,25,257,213,397,305,19,14,17,304,425,729,29.16,1.0,29.16,120.65727699530515,0,7.80983606557377,0,29.16,27.5802986277983
Azmatullah Omarzai,15,99,77,451,300,8,5,12,117,300,417,27.8,1.0,27.8,128.57142857142858,0,9.02,0,27.8,27.579664650012262
Ma Wood,4,11,5,124,102,1,1,11,14,275,289,72.25,0.4,28.9,220.00000000000003,6,7.294117647058823,0,34.900000000000006,27.57433333333324
B Kumar,44,79,105,1403,994,8,0,44,87,1100,1187,26.977272727272727,1.0,26.977272727272727,75.23809523809524,0,8.468812877263582,0,26.977272727272727,27.44107777421915
Aniket Verma,12,236,148,0,0,12,20,0,288,0,288,24.0,1.0,24.0,159.45945945945945,4,,0,28.0,27.33616196149529
Harpreet Brar,31,138,114,700,530,13,5,26,161,650,811,26.161290322580644,1.0,26.161290322580644,121.05263157894736,0,7.924528301886792,0,26.161290322580644,27.313519496466814
Jc Archer,17,67,55,585,421,3,4,13,78,325,403,23.705882352941178,1.0,23.705882352941178,121.81818181818184,0,8.337292161520189,0,23.705882352941178,26.98039365139792
Tu Deshpande,39,7,12,1258,890,0,0,47,7,1175,1182,30.307692307692307,1.0,30.307692307692307,58.333333333333336,-4,8.480898876404494,0,26.307692307692307,26.854007356369863
Kd Karthik,26,466,301,0,0,40,27,0,560,0,560,21.53846153846154,1.0,21.53846153846154,154.8172757475083,4,,0,25.53846153846154,26.796757818742716
R Shepherd,14,127,50,299,166,10,12,7,161,175,336,24.0,1.0,24.0,254.0,6,10.80722891566265,-2,28.0,26.792481304938143
Th David,35,659,430,0,0,42,44,0,789,0,789,22.542857142857144,1.0,22.542857142857144,153.25581395348837,4,,0,26.542857142857144,26.783249687709
Arshad Khan,18,119,90,465,289,5,9,12,142,300,442,24.55555555555556,1.0,24.55555555555556,132.22222222222223,2,9.653979238754326,0,26.55555555555556,26.660445071826196
Vg Arora,27,4,11,802,580,0,0,33,4,825,829,30.703703703703702,1.0,30.703703703703702,36.36363636363637,-6,8.296551724137931,0,24.703703703703702,26.5052276230284
Ys Chahal,42,0,0,1373,965,0,0,55,0,1375,1375,32.73809523809524,1.0,32.73809523809524,0.0,-6,8.536787564766838,0,26.73809523809524,26.45975684323587
Atharva Taide,10,260,188,4,1,30,8,0,306,0,306,30.6,1.0,30.6,138.29787234042556,2,24.0,-6,26.6,26.35635129068471
A Nortje,18,41,38,715,436,6,0,18,47,450,497,27.61111111111111,1.0,27.61111111111111,107.89473684210526,0,9.839449541284402,0,27.61111111111111,26.217685157467812
Rahmanullah Gurbaz,18,363,283,0,0,34,22,0,441,0,441,24.5,1.0,24.5,128.26855123674912,0,,0,24.5,26.203841173081287
Dhruv Jurel,35,680,456,0,0,51,38,0,807,0,807,23.057142857142857,1.0,23.057142857142857,149.12280701754386,2,,0,25.057142857142857,26.168103748694293
Jp Behrendorff,12,6,9,373,262,0,0,14,6,350,356,29.666666666666668,1.0,29.666666666666668,66.66666666666666,-2,8.541984732824428,0,27.666666666666668,26.16667722920361
K Rabada,21,29,28,743,497,0,3,20,35,500,535,25.476190476190474,1.0,25.476190476190474,103.57142857142858,0,8.969818913480886,0,25.476190476190474,26.132088048944183
Mk Pandey,13,294,249,0,0,22,10,0,336,0,336,25.846153846153847,1.0,25.846153846153847,118.07228915662652,0,,0,25.846153846153847,26.113459967892005
Jd Unadkat,21,33,34,562,398,3,1,19,38,475,513,24.428571428571427,1.0,24.428571428571427,97.05882352941175,0,8.472361809045227,0,24.428571428571427,25.698953684758386
Washington Sundar,15,193,148,328,203,16,7,6,223,150,373,24.866666666666667,1.0,24.866666666666667,130.4054054054054,2,9.694581280788176,0,26.866666666666667,25.63740214846888
Da Miller,32,622,457,0,0,51,25,0,723,0,723,22.59375,1.0,22.59375,136.10503282275712,2,,0,24.59375,25.56528270639241
Rd Chahar,24,21,25,667,496,3,1,18,26,450,476,19.83333333333333,1.0,19.83333333333333,84.0,0,8.068548387096774,0,19.83333333333333,25.477686195367422
Sikandar Raza,9,182,143,133,88,12,8,3,210,75,285,31.666666666666668,0.9,28.5,127.27272727272728,0,9.068181818181818,0,28.5,25.352797051713704
So Hetmyer,35,657,459,0,0,39,41,0,778,0,778,22.228571428571428,1.0,22.228571428571428,143.13725490196077,2,,0,24.228571428571428,25.342230162777604
Ra Tripathi,24,493,395,0,0,53,17,0,580,0,580,24.166666666666668,1.0,24.166666666666668,124.81012658227849,0,,0,24.166666666666668,25.233291673114966
Yash Thakur,21,0,0,738,475,0,0,25,0,625,625,29.761904761904763,1.0,29.761904761904763,0.0,-6,9.322105263157894,0,23.761904761904763,25.147107795724384
Mukesh Kumar,32,10,20,1063,675,0,0,37,10,925,935,29.21875,1.0,29.21875,50.0,-4,9.448888888888888,0,25.21875,24.921672650129487
Mj Santner,19,56,56,447,373,3,3,15,65,375,440,23.157894736842103,1.0,23.157894736842103,100.0,0,7.190348525469169,0,23.157894736842103,24.91321388197368
Mm Sharma,34,3,20,1016,676,0,0,42,3,1050,1053,30.97058823529412,1.0,30.97058823529412,15.0,-6,9.01775147928994,0,24.97058823529412,24.906585242413147
Kk Nair,8,198,122,0,0,24,10,0,242,0,242,30.25,0.8,24.200000000000003,162.29508196721312,4,,0,28.200000000000003,24.855363636363553
Ravi Bishnoi,39,37,50,1147,815,1,2,35,42,875,917,23.512820512820515,1.0,23.512820512820515,74.0,0,8.444171779141104,0,23.512820512820515,24.80166183566768
Kk Ahmed,37,1,2,1175,826,0,0,41,1,1025,1026,27.72972972972973,1.0,27.72972972972973,50.0,-4,8.535108958837773,0,23.72972972972973,24.34288904094207
Sandeep Sharma,32,8,13,1039,769,0,0,32,8,800,808,25.25,1.0,25.25,61.53846153846154,-2,8.10663198959688,0,23.25,24.282643365467738
Sd Hope,9,183,125,0,0,12,12,0,219,0,219,24.33333333333333,0.9,21.9,146.4,2,,0,23.9,24.163150208986327
Wp Saha,26,507,417,0,0,65,11,0,594,0,594,22.846153846153847,1.0,22.846153846153847,121.58273381294964,0,,0,22.846153846153847,23.960366705157885
Nt Ellis,12,1,7,394,282,0,0,15,1,375,376,31.33333333333333,1.0,31.33333333333333,14.285714285714285,-6,8.382978723404255,0,25.33333333333333,23.94565850946433
D Padikkal,28,546,439,0,0,56,20,0,642,0,642,22.928571428571427,1.0,22.928571428571427,124.373576309795,0,,0,22.928571428571427,23.903284400782955
V Suryavanshi,7,252,129,0,0,18,24,0,318,0,318,45.42857142857143,0.7,31.8,195.3488372093023,6,,0,37.8,23.733084175084127
E Malinga,7,0,0,233,165,0,0,13,0,325,325,46.42857142857143,0.7,32.5,0.0,-6,8.472727272727273,0,26.5,23.698666666666654
Rasikh Salam,10,28,30,328,194,4,0,10,32,250,282,28.2,1.0,28.2,93.33333333333331,0,10.144329896907216,-2,26.2,23.68555741789068
Mohsin Khan,14,2,8,478,301,0,0,13,2,325,327,23.357142857142858,1.0,23.357142857142858,25.0,-6,9.528239202657808,0,17.357142857142858,23.580345590673687
A Mhatre,7,240,131,0,0,31,11,0,293,0,293,41.85714285714285,0.7,29.3,183.206106870229,6,,0,35.3,23.37341750841745
A Kamboj,11,16,15,277,198,2,0,10,18,250,268,24.363636363636363,1.0,24.363636363636363,106.66666666666669,0,8.393939393939394,0,24.363636363636363,23.20164089008297
Ds Rathi,13,1,4,416,321,0,0,14,1,350,351,27.0,1.0,27.0,25.0,-6,7.775700934579439,0,21.0,22.636219517675595
Sameer Rizvi,9,172,126,0,0,15,9,0,205,0,205,22.77777777777778,0.9,20.5,136.5079365079365,2,,0,22.5,22.575657925407917
T Natarajan,28,0,0,898,633,0,0,30,0,750,750,26.785714285714285,1.0,26.785714285714285,0.0,-6,8.511848341232227,0,20.785714285714285,22.39306485915644
I Sharma,24,2,9,636,456,0,0,24,2,600,602,25.08333333333333,1.0,25.08333333333333,22.22222222222222,-6,8.368421052631579,0,19.08333333333333,22.366723177821843
Ms Dhoni,36,461,299,0,0,29,35,0,560,0,560,15.555555555555555,1.0,15.555555555555555,154.18060200668896,4,,0,19.55555555555556,22.280032494510614
R Tewatia,30,374,263,14,14,33,19,0,445,0,445,14.833333333333334,1.0,14.833333333333334,142.20532319391634,2,6.0,2,18.833333333333336,21.98483500654549
Mk Lomror,20,260,175,32,21,18,17,0,312,0,312,15.6,1.0,15.6,148.57142857142858,2,9.142857142857142,0,17.6,21.834607457344458
Ashwani Kumar,7,0,0,223,132,0,0,11,0,275,275,39.285714285714285,0.7,27.5,0.0,-6,10.136363636363637,-2,19.5,21.81998460798461
Anuj Rawat,12,189,152,0,0,16,7,0,219,0,219,18.25,1.0,18.25,124.3421052631579,0,,0,18.25,21.689116691463184
Sb Dubey,11,139,87,0,0,9,10,0,168,0,168,15.272727272727272,1.0,15.272727272727272,159.77011494252872,4,,0,19.272727272727277,21.358486991766384
Swapnil Singh,9,39,26,149,104,3,3,6,48,150,198,22.0,0.9,19.8,150.0,4,8.596153846153847,0,23.8,21.319896013619463
Yudhvir Singh,9,22,16,242,145,1,2,8,27,200,227,25.22222222222222,0.9,22.7,137.5,2,10.013793103448275,-2,22.7,21.190192901234482
Akash Deep,9,25,12,321,183,2,2,5,31,125,156,17.333333333333332,0.9,15.6,208.33333333333331,6,10.524590163934429,-2,19.6,20.895421637157853
Yash Dayal,34,4,8,1050,715,0,0,30,4,750,754,22.176470588235293,1.0,22.176470588235293,50.0,-4,8.811188811188812,0,18.176470588235293,20.509787642137244
Ut Yadav,15,31,35,394,245,1,1,9,34,225,259,17.266666666666666,1.0,17.266666666666666,88.57142857142857,0,9.648979591836737,0,17.266666666666666,20.2820577422673
Hc Brook,11,190,159,0,0,23,4,0,221,0,221,20.09090909090909,1.0,20.09090909090909,119.49685534591194,0,,0,20.09090909090909,20.14338079513076
Shahbaz Ahmed,27,266,222,461,264,11,14,9,305,225,530,19.62962962962963,1.0,19.62962962962963,119.8198198198198,0,10.477272727272728,-2,17.62962962962963,19.76504066950124
Umran Malik,9,19,8,221,131,1,2,5,24,125,149,16.555555555555557,0.9,14.900000000000002,237.5,6,10.122137404580153,-2,18.9,19.757613004142346
At Rayudu,12,158,115,0,0,10,9,0,186,0,186,15.5,1.0,15.5,137.3913043478261,2,,0,17.5,19.644188024938018
Abdul Samad,32,515,342,6,2,33,36,0,620,0,620,19.375,1.0,19.375,150.58479532163742,4,18.0,-6,17.375,19.603233512621323
J Little,11,0,0,331,236,0,0,11,0,275,275,25.0,1.0,25.0,0.0,-6,8.415254237288135,0,19.0,19.45532772782773
R Powell,11,115,87,16,14,12,6,1,139,25,164,14.909090909090908,1.0,14.909090909090908,132.183908045977,2,6.857142857142857,2,18.909090909090907,19.454092514892555
A Zampa,8,10,17,278,183,0,0,10,10,250,260,32.5,0.8,26.0,58.82352941176471,-4,9.114754098360656,0,22.0,18.920398589700067
Mg Bracewell,5,58,49,95,66,6,1,6,66,150,216,43.2,0.5,21.6,118.36734693877553,0,8.636363636363637,0,21.6,18.472666666666704
K Kartikeya,12,9,12,295,212,1,0,7,10,175,185,15.416666666666666,1.0,15.416666666666666,75.0,0,8.349056603773585,0,15.416666666666666,18.404986772858106
A Mishra,8,19,30,168,127,2,0,8,21,200,221,27.625,0.8,22.1,63.33333333333333,-2,7.937007874015747,0,20.1,18.10705942465595
A Manohar,13,184,164,0,0,9,11,0,215,0,215,16.53846153846154,1.0,16.53846153846154,112.19512195121952,0,,0,16.53846153846154,17.888589489652656
Ramandeep Singh,16,172,100,9,4,6,16,0,210,0,210,13.125,1.0,13.125,172.0,6,13.5,-6,13.125,17.774570991688638
M Theekshana,29,10,27,914,690,0,0,24,10,600,610,21.03448275862069,1.0,21.03448275862069,37.03703703703704,-6,7.947826086956522,0,15.03448275862069,17.587677075772877
K Gowtham,8,61,44,142,113,2,5,3,73,75,148,18.5,0.8,14.8,138.63636363636363,2,7.539823008849558,0,16.8,17.290780824839697
As Joseph,10,7,12,327,214,1,0,8,8,200,208,20.8,1.0,20.8,58.333333333333336,-4,9.168224299065422,0,16.8,17.149592566184776
Mw Short,6,117,99,24,25,15,4,0,140,0,140,23.33333333333333,0.6,13.999999999999998,118.1818181818182,0,5.76,4,18.0,16.33633333333333
N Thushara,8,0,0,263,198,0,0,9,0,225,225,28.125,0.8,22.5,0.0,-6,7.96969696969697,0,16.5,16.20675757575758
Akash Singh,9,0,0,284,184,0,0,9,0,225,225,25.0,0.9,22.5,0.0,-6,9.26086956521739,0,16.5,15.948761904761911
Wd Parnell,7,2,6,230,157,0,0,9,2,225,227,32.42857142857143,0.7,22.7,33.33333333333333,-6,8.789808917197451,0,16.7,14.844555555555562
Aman Hakim Khan,9,110,106,0,0,7,6,0,129,0,129,14.333333333333334,0.9,12.9,103.77358490566036,0,,0,12.9,14.751140982474329
Suyash Sharma,27,0,0,799,569,0,0,18,0,450,450,16.666666666666668,1.0,16.666666666666668,0.0,-6,8.425307557117751,0,10.666666666666668,14.698487772571822
Dj Hooda,27,260,243,43,32,21,6,0,293,0,293,10.851851851851851,1.0,10.851851851851851,106.99588477366255,0,8.0625,0,10.851851851851851,14.508416532007189
Gd Phillips,5,39,22,20,18,2,4,1,49,25,74,14.8,0.5,7.4,177.27272727272728,6,6.666666666666667,2,15.4,14.491000000000033
Phkd Mendis,5,92,72,60,42,7,2,2,103,50,153,30.6,0.5,15.3,127.77777777777776,0,8.571428571428571,0,15.3,14.461000000000055
Mp Yadav,6,0,0,177,129,0,0,9,0,225,225,37.5,0.6,22.5,0.0,-6,8.232558139534884,0,16.5,14.004333333333332
Urvil Patel,3,68,34,0,0,5,6,0,85,0,85,28.33333333333333,0.3,8.5,200.0,6,,0,14.5,13.182999999999975
Sh Johnson,9,8,11,276,172,1,0,5,9,125,134,14.88888888888889,0.9,13.4,72.72727272727273,0,9.627906976744184,0,13.4,13.084016835016886
Anmolpreet Singh,6,110,90,0,0,16,2,0,130,0,130,21.666666666666668,0.6,13.0,122.22222222222224,0,,0,13.0,13.073666666666679
Jg Bethell,2,67,39,0,0,9,3,0,82,0,82,41.0,0.2,8.200000000000001,171.7948717948718,6,,0,14.2,12.637666666666622
As Roy,8,26,23,148,110,3,0,4,29,100,129,16.125,0.8,12.9,113.04347826086956,0,8.072727272727274,0,12.9,12.405170853837559
Hr Shokeen,8,23,19,178,119,4,0,3,27,75,102,12.75,0.8,10.2,121.05263157894736,0,8.974789915966387,0,10.2,11.59716161616159
Pn Mankad,4,93,74,0,0,12,2,0,109,0,109,27.25,0.4,10.9,125.67567567567568,0,,0,10.9,11.535000000000043
Lalit Yadav,8,76,74,170,100,9,0,2,85,50,135,16.875,0.8,13.5,102.7027027027027,0,10.2,-2,11.5,11.391172839506176
Dj Willey,4,35,32,101,94,4,0,3,39,75,114,28.5,0.4,11.4,109.375,0,6.446808510638298,2,13.4,11.17966666666671
Jo Holder,8,12,12,279,176,0,1,4,14,100,114,14.25,0.8,11.4,100.0,0,9.511363636363637,0,11.4,11.047197081930452
Arjun Tendulkar,5,13,9,104,83,0,1,3,15,75,90,18.0,0.5,9.0,144.44444444444443,2,7.518072289156626,0,11.0,10.713333333333338
Zeeshan Ansari,10,0,0,327,209,0,0,6,0,150,150,15.0,1.0,15.0,0.0,-6,9.38755980861244,0,9.0,10.643079365079378
C Bosch,3,47,32,52,45,3,3,1,56,25,81,27.0,0.3,8.1,146.875,2,6.933333333333334,2,12.1,10.570999999999957
N Burger,5,0,0,138,105,0,0,7,0,175,175,35.0,0.5,17.5,0.0,-6,7.885714285714286,0,11.5,10.460666666666667
Harpreet Singh,5,103,93,0,0,10,3,0,119,0,119,23.8,0.5,11.9,110.752688172043,0,,0,11.9,10.330333333333343
Rp Meredith,5,0,2,198,126,0,0,7,0,175,175,35.0,0.5,17.5,0.0,-6,9.428571428571429,0,11.5,10.325999999999999
Vivrant Sharma,2,69,49,34,21,9,2,0,82,0,82,41.0,0.2,8.200000000000001,140.81632653061226,2,9.714285714285714,0,10.2,10.274666666666633
N Jagadeesan,6,89,84,0,0,14,1,0,105,0,105,17.5,0.6,10.5,105.95238095238096,0,,0,10.5,10.230666666666677
R Dhawan,6,20,12,94,61,1,1,1,23,25,48,8.0,0.6,4.8,166.66666666666669,4,9.245901639344265,0,8.8,10.056333333333365
Simarjeet Singh,8,3,7,251,143,0,0,7,3,175,178,22.25,0.8,17.8,42.85714285714285,-6,10.531468531468532,-2,9.8,9.909333333333358
Kt Maphaka,4,8,3,138,71,2,0,2,10,50,60,15.0,0.4,6.0,266.66666666666663,6,11.661971830985914,-4,8.0,9.69966666666668
Ss Prabhudessai,5,59,51,0,0,4,2,0,67,0,67,13.4,0.5,6.7,115.68627450980394,0,,0,6.7,9.591333333333356
Mohammad Nabi,7,35,31,109,74,2,2,2,41,50,91,13.0,0.7,9.1,112.90322580645164,0,8.837837837837837,0,9.1,9.524042648709296
Kr Sen,5,0,0,142,98,0,0,6,0,150,150,30.0,0.5,15.0,0.0,-6,8.693877551020408,0,9.0,9.078666666666667
S Sandeep Warrier,5,0,0,115,70,0,0,6,0,150,150,30.0,0.5,15.0,0.0,-6,9.857142857142858,0,9.0,8.964666666666666
V Puthur,5,0,0,108,73,0,0,6,0,150,150,30.0,0.5,15.0,0.0,-6,8.876712328767123,0,9.0,8.950333333333331
Sk Rasheed,5,71,67,0,0,9,2,0,84,0,84,16.8,0.5,8.4,105.97014925373134,0,,0,8.4,8.708333333333359
Pvd Chameera,7,10,14,236,130,0,0,4,10,100,110,15.714285714285714,0.7,10.999999999999998,71.42857142857143,0,10.892307692307693,-2,8.999999999999998,8.306000000000006
Pbb Rajapaksa,4,71,64,0,0,6,2,0,81,0,81,20.25,0.4,8.1,110.9375,0,,0,8.1,8.073333333333325
Dg Nalkande,4,12,12,86,56,0,1,4,14,100,114,28.5,0.4,11.4,100.0,0,9.214285714285714,0,11.4,7.263333333333339
T Kohler-Cadmore,3,48,54,0,0,7,1,0,57,0,57,19.0,0.3,5.7,88.88888888888889,0,,0,5.7,6.81466666666669
Rjw Topley,6,3,6,217,125,0,0,5,3,125,128,21.33333333333333,0.6,12.8,50.0,-4,10.416,-2,6.799999999999999,6.758333333333312
Ka Jamieson,4,0,5,143,94,0,0,5,0,125,125,31.25,0.4,12.5,0.0,-6,9.127659574468083,0,6.5,6.548666666666667
Au Rashid,2,22,17,56,42,2,1,2,26,50,76,38.0,0.2,7.6,129.41176470588235,0,8.0,0,7.6,6.536333333333312
Sn Khan,4,53,62,0,0,4,1,0,59,0,59,14.75,0.4,5.9,85.48387096774194,0,,0,5.9,6.459333333333362
Rv Patel,4,49,44,0,0,3,1,0,54,0,54,13.5,0.4,5.4,111.36363636363636,0,,0,5.4,6.437333333333359
Vishnu Vinod,3,37,32,0,0,2,2,0,43,0,43,14.333333333333334,0.3,4.3,115.625,0,,0,4.3,6.229999999999998
Fazalhaq Farooqi,9,3,7,319,190,0,0,4,3,100,103,11.444444444444445,0.9,10.3,42.85714285714285,-6,10.073684210526316,-2,2.3000000000000007,6.184999999999985
Xc Bartlett,4,11,15,96,60,1,0,2,12,50,62,15.5,0.4,6.2,73.33333333333333,0,9.6,0,6.2,5.660333333333335
P Dubey,2,16,20,38,31,2,0,2,18,50,68,34.0,0.2,6.800000000000001,80.0,0,7.354838709677419,0,6.800000000000001,4.972999999999985
Sanvir Singh,5,25,22,0,0,2,1,0,29,0,29,5.8,0.5,2.9,113.63636363636364,0,,0,2.9,4.740333333333344
Rj Gleeson,3,2,2,105,73,0,0,2,2,50,52,17.333333333333332,0.3,5.199999999999999,100.0,0,8.63013698630137,0,5.199999999999999,4.417000000000016
V Viyaskanth,3,7,5,86,60,0,0,1,7,25,32,10.666666666666666,0.3,3.2,140.0,2,8.6,0,5.199999999999999,4.166666666666672
Sediqullah Atal,1,22,16,0,0,0,2,0,26,0,26,26.0,0.1,2.6,137.5,2,,0,4.6,3.524333333333342
Aj Hosein,1,16,11,40,24,1,1,1,19,25,44,44.0,0.1,4.4,145.45454545454547,2,10.0,-2,4.4,3.352666666666663
Ks Williamson,2,27,27,0,0,4,0,0,31,0,31,15.5,0.2,3.1,100.0,0,,0,3.1,3.1486666666666783
Md Shanaka,3,26,26,0,0,2,1,0,30,0,30,10.0,0.3,3.0,100.0,0,,0,3.0,3.132666666666671
J Overton,3,15,7,78,41,1,1,0,18,0,18,6.0,0.3,1.7999999999999998,214.28571428571428,6,11.414634146341465,-4,3.8,3.01833333333333
M Siddharth,5,0,0,131,101,0,0,3,0,75,75,15.0,0.5,7.5,0.0,-6,7.782178217821783,0,1.5,2.832333333333333
Mj Henry,4,0,0,108,74,0,0,1,0,25,25,6.25,0.4,2.5,0.0,-6,8.756756756756756,0,-3.5,2.8166666666666647
Km Asif,4,0,2,129,91,0,0,3,0,75,75,18.75,0.4,7.5,0.0,-6,8.505494505494505,0,1.5,2.811999999999999
Pk Garg,2,22,23,0,0,1,0,0,23,0,23,11.5,0.2,2.3000000000000003,95.65217391304348,0,,0,2.3000000000000003,2.7590000000000057
Cj Jordan,6,6,13,228,140,0,0,3,6,75,81,13.5,0.6,8.1,46.15384615384615,-6,9.771428571428572,0,2.1,2.7393333333333416
Bkg Mendis,1,20,11,0,0,1,2,0,25,0,25,25.0,0.1,2.5,181.8181818181818,6,,0,8.5,2.7210000000000067
Prince Yadav,6,5,11,218,144,0,0,3,5,75,80,13.333333333333334,0.6,8.0,45.45454545454545,-6,9.083333333333334,0,2.0,2.6923333333333335
Mayank Dagar,8,0,1,198,138,0,0,2,0,50,50,6.25,0.8,5.0,0.0,-6,8.608695652173912,0,-1.0,2.6838787878787875
C Sakariya,3,4,6,120,74,1,0,3,5,75,80,26.666666666666668,0.3,8.0,66.66666666666666,-2,9.72972972972973,0,6.0,2.6320000000000063
Aj Turner,2,21,20,0,0,0,2,0,25,0,25,12.5,0.2,2.5,105.0,0,,0,2.5,2.5176666666666705
Tanush Kotian,1,24,32,0,0,3,0,0,27,0,27,27.0,0.1,2.7,75.0,0,,0,2.7,2.4273333333333427
Kartik Tyagi,4,0,0,134,70,0,0,1,0,25,25,6.25,0.4,2.5,0.0,-6,11.485714285714286,-4,-7.5,2.295666666666665
L Wood,2,9,3,91,38,0,1,1,11,25,36,18.0,0.2,3.6,300.0,6,14.36842105263158,-6,3.6,2.2596666666666736
Pvsn Raju,2,1,1,48,29,0,0,1,1,25,26,13.0,0.2,2.6,100.0,0,9.93103448275862,0,2.6,2.2423333333333426
Harsh Dubey,3,0,0,97,61,0,0,5,0,125,125,41.66666666666666,0.3,12.499999999999998,0.0,-6,9.540983606557376,0,6.499999999999998,2.2376666666666667
D Wiese,3,21,11,38,18,0,3,0,27,0,27,9.0,0.3,2.7,190.9090909090909,6,12.666666666666666,-6,2.6999999999999997,2.0116666666666676
Saurav Chauhan,3,18,16,0,0,1,1,0,21,0,21,7.0,0.3,2.1,112.5,0,,0,2.1,1.9996666666666738
Ra Bawa,1,8,4,0,0,0,0,0,8,0,8,8.0,0.1,0.8,200.0,6,,0,6.8,1.685333333333337
Mp Breetzke,1,14,12,0,0,1,1,0,17,0,17,17.0,0.1,1.7000000000000002,116.66666666666669,0,,0,1.7000000000000002,1.6076666666666644
Mandeep Singh,3,14,16,0,0,0,1,0,16,0,16,5.333333333333333,0.3,1.6,87.5,0,,0,1.6,1.5743333333333331
W O'Rourke,3,0,0,129,64,0,0,6,0,150,150,50.0,0.3,15.0,0.0,-6,12.09375,-6,3.0,1.3439999999999999
Ka Maharaj,2,1,2,39,36,0,0,2,1,50,51,25.5,0.2,5.1000000000000005,50.0,-4,6.5,2,3.1000000000000005,1.2400000000000013
Km Jadhav,1,12,10,0,0,1,0,0,13,0,13,13.0,0.1,1.3,120.0,0,,0,1.3,1.17866666666667
Aa Kulkarni,2,9,8,0,0,2,0,0,11,0,11,5.5,0.2,1.1,112.5,0,,0,1.1,1.1360000000000026
S Gopal,3,0,0,67,42,0,0,3,0,75,75,25.0,0.3,7.5,0.0,-6,9.571428571428571,0,1.5,0.9890000000000001
M Vohra,1,10,11,0,0,1,0,0,11,0,11,11.0,0.1,1.1,90.9090909090909,0,,0,1.1,0.9779999999999995
L Ngidi,2,0,2,81,48,0,0,4,0,100,100,50.0,0.2,10.0,0.0,-6,10.125,-2,2.0,0.9366666666666666
Sz Mulani,2,1,1,54,33,0,0,0,1,0,1,0.5,0.2,0.1,100.0,0,9.818181818181818,0,0.1,0.8959999999999976
Ja Richardson,1,2,2,38,25,0,0,0,2,0,2,2.0,0.1,0.2,100.0,0,9.12,0,0.2,0.5663333333333317
Abdul Basith,1,1,1,0,0,0,0,0,1,0,1,1.0,0.1,0.1,100.0,0,,0,0.1,0.5579999999999989
Liton Das,1,4,4,0,0,1,0,0,5,0,5,5.0,0.1,0.5,100.0,0,,0,0.5,0.47099999999999964
Rs Hangargekar,2,0,0,53,43,0,0,3,0,75,75,37.5,0.2,7.5,0.0,-6,7.395348837209302,0,1.5,0.42599999999999966
Navdeep Saini,1,0,0,39,25,0,0,3,0,75,75,75.0,0.1,7.5,0.0,-6,9.36,0,1.5,0.24000000000000005
Sumit Kumar,3,18,26,36,22,2,1,0,22,0,22,7.333333333333333,0.3,2.2,69.23076923076923,-2,9.818181818181818,0,0.1999999999999997,0.1963333333333335
Yv Dhull,3,16,23,0,0,1,0,0,17,0,17,5.666666666666667,0.3,1.7,69.56521739130434,-2,,0,-0.3,-0.08633333333333364
K Yadav,2,0,0,68,42,0,0,2,0,50,50,25.0,0.2,5.0,0.0,-6,9.714285714285714,0,-1.0,-0.4860000000000002
Arshad Khan (2),1,5,4,22,13,1,0,0,6,0,6,6.0,0.1,0.6000000000000001,125.0,0,10.153846153846157,-2,-1.4,-0.7070000000000024
D Ferreira,3,9,14,0,0,0,0,0,9,0,9,3.0,0.3,0.8999999999999999,64.28571428571429,-2,,0,-1.1,-1.073666666666669
Je Root,2,10,15,14,12,1,0,0,11,0,11,5.5,0.2,1.1,66.66666666666666,-2,7.0,0,-0.8999999999999999,-1.451666666666673
V Kaverappa,1,0,0,36,24,0,0,2,0,50,50,50.0,0.1,5.0,0.0,-6,9.0,0,-1.0,-1.4946666666666664
Lb Williams,2,1,2,61,42,0,0,1,1,25,26,13.0,0.2,2.6,50.0,-4,8.714285714285714,0,-1.4,-1.642333333333328
Shivam Singh,1,2,3,0,0,0,0,0,2,0,2,2.0,0.1,0.2,66.66666666666666,-2,,0,-1.8,-1.7313333333333394
Gulbadin Naib,2,19,15,12,6,1,1,0,22,0,22,11.0,0.2,2.2,126.66666666666666,0,12.0,-6,-3.8,-1.8749999999999996
K Khejroliya,3,0,0,90,47,0,0,3,0,75,75,25.0,0.3,7.5,0.0,-6,11.48936170212766,-4,-2.5,-1.9046666666666665
Ks Sharma,2,12,21,0,0,0,0,0,12,0,12,6.0,0.2,1.2000000000000002,57.14285714285714,-4,,0,-2.8,-2.5196666666666605
D Pretorius,1,0,0,24,28,0,0,0,0,0,0,0.0,0.1,0.0,0.0,-6,5.142857142857142,4,-2.0,-2.965
Ba Stokes,2,15,15,18,6,2,0,0,17,0,17,8.5,0.2,1.7000000000000002,100.0,0,18.0,-6,-4.3,-3.4109999999999845
Ms Wade,1,4,7,0,0,0,0,0,4,0,4,4.0,0.1,0.4,57.14285714285714,-4,,0,-3.6,-3.4263333333333383
Ssb Magala,2,0,0,50,37,0,0,1,0,25,25,12.5,0.2,2.5,0.0,-6,8.108108108108107,0,-3.5,-3.5513333333333335
Pwa Mulder,1,9,12,16,6,1,0,0,10,0,10,10.0,0.1,1.0,75.0,0,16.0,-6,-5.0,-4.575333333333339
J Yadav,1,0,0,26,24,0,0,0,0,0,0,0.0,0.1,0.0,0.0,-6,6.5,2,-4.0,-4.617666666666667
M Tiwari,2,3,4,14,6,0,0,0,3,0,3,1.5,0.2,0.3,75.0,0,14.0,-6,-5.7,-4.770000000000012
Kumar Kushagra,3,3,7,0,0,0,0,0,3,0,3,1.0,0.3,0.3,42.85714285714285,-6,,0,-5.7,-5.241333333333353
R Minz,2,6,16,0,0,0,0,0,6,0,6,3.0,0.2,0.6000000000000001,37.5,-6,,0,-5.4,-5.285333333333354
S Joseph,1,0,0,37,30,0,0,0,0,0,0,0.0,0.1,0.0,0.0,-6,7.4,0,-6.0,-5.293333333333333
Rk Bhui,2,3,9,0,0,0,0,0,3,0,3,1.5,0.2,0.3,33.33333333333333,-6,,0,-5.7,-5.5846666666666875
R Goyal,1,0,0,33,24,0,0,0,0,0,0,0.0,0.1,0.0,0.0,-6,8.25,0,-6.0,-5.5969999999999995
Br Sharath,1,2,5,0,0,0,0,0,2,0,2,2.0,0.1,0.2,40.0,-6,,0,-5.8,-5.767333333333324
D Jansen,1,0,0,49,28,0,0,1,0,25,25,25.0,0.1,2.5,0.0,-6,10.5,-2,-5.5,-5.845
Ms Bhandage,1,1,4,0,0,0,0,0,1,0,1,1.0,0.1,0.1,25.0,-6,,0,-5.9,-5.855000000000014
Mj Owen,1,0,2,0,0,0,0,0,0,0,0,0.0,0.1,0.0,0.0,-6,,0,-6.0,-5.895333333333334
Ks Rathore,1,0,5,0,0,0,0,0,0,0,0,0.0,0.1,0.0,0.0,-6,,0,-6.0,-5.939666666666667
Tg Southee,2,0,0,79,36,0,0,2,0,50,50,25.0,0.2,5.0,0.0,-6,13.166666666666666,-6,-7.0,-5.945333333333335
Mujeeb Ur Rahman,1,0,0,23,13,0,0,1,0,25,25,25.0,0.1,2.5,0.0,-6,10.615384615384617,-2,-5.5,-6.0516666666666685
Mukesh Choudhary,3,0,0,97,43,0,0,1,0,25,25,8.333333333333334,0.3,2.5,0.0,-6,13.534883720930232,-6,-9.5,-6.480000000000002
Oc Mccoy,1,0,0,12,7,0,0,0,0,0,0,0.0,0.1,0.0,0.0,-6,10.285714285714285,-2,-8.0,-7.248666666666668
Suryansh Shedge,3,7,12,39,19,0,0,0,7,0,7,2.333333333333333,0.3,0.7000000000000001,58.333333333333336,-4,12.31578947368421,-6,-9.3,-8.438666666666673
H Sharma,2,0,0,57,30,0,0,0,0,0,0,0.0,0.2,0.0,0.0,-6,11.4,-4,-10.0,-9.357000000000001
Musheer Khan,1,0,3,27,12,0,0,1,0,25,25,25.0,0.1,2.5,0.0,-6,13.5,-6,-9.5,-9.399000000000004
Mohit Rathee,1,1,2,29,12,0,0,0,1,0,1,1.0,0.1,0.1,50.0,-4,14.5,-6,-9.9,-9.423333333333357
Mj Suthar,1,1,2,26,12,0,0,0,1,0,1,1.0,0.1,0.1,50.0,-4,13.0,-6,-9.9,-9.455666666666703
Gurnoor Brar,1,0,0,39,21,0,0,0,0,0,0,0.0,0.1,0.0,0.0,-6,11.142857142857142,-4,-10.0,-9.652333333333337
Na Saini,1,0,0,31,15,0,0,0,0,0,0,0.0,0.1,0.0,0.0,-6,12.4,-6,-12.0,-10.644666666666676
Karim Janat,1,0,0,30,6,0,0,0,0,0,0,0.0,0.1,0.0,0.0,-6,30.0,-6,-12.0,-10.926666666666668
M Ashwin,2,0,0,52,25,0,0,0,0,0,0,0.0,0.2,0.0,0.0,-6,12.48,-6,-12.0,-11.063000000000004
